model,variable,Bin,Count,Count (%),Non-event,Event,Event rate,WoE,IV
model_a,loan_amnt,"(-inf, 3537.50)",43208,0.05209831736711058,37228,5980,0.13840029624143677,0.3428812880029972,0.005478907392473551
model_a,loan_amnt,"[3537.50, 7012.50)",132752,0.16006655774668266,113337,19415,0.14625015065686392,0.27856040781837166,0.011349902741453512
model_a,loan_amnt,"[7012.50, 9012.50)",78341,0.09446015276932074,66296,12045,0.1537509094854546,0.2197206171219801,0.004248714095603395
model_a,loan_amnt,"[9012.50, 10012.50)",78363,0.09448667940749136,65206,13157,0.16789811518190983,0.11483824249685859,0.0012012391457835905
model_a,loan_amnt,"[10012.50, 12037.50)",84138,0.10144992192728083,67806,16332,0.1941096769592812,-0.062234997209187126,0.00040067177671392756
model_a,loan_amnt,"[12037.50, 15012.50)",99383,0.11983167642324458,79940,19443,0.19563708078846484,-0.07197006518843785,0.0006348290572307559
model_a,loan_amnt,"[15012.50, 28012.50)",248266,0.2993482887303989,196072,52194,0.2102341843023209,-0.16224491739746005,0.008285754934567062
model_a,loan_amnt,"[28012.50, inf)",64904,0.07825840562847032,50405,14499,0.22339147047947738,-0.23974861538307835,0.004841202464131484
model_a,loan_amnt,Special,0,0.0,0,0,0.0,0.0,0.0
model_a,loan_amnt,Missing,0,0.0,0,0,0.0,0.0,0.0
model_a,loan_amnt,,829355,1.0,676290,153065,0.18455908507213437,,0.03644122160795728
model_a,term_months,"(-inf, 48.00)",621022,0.7488011768181297,534418,86604,0.13945399679882517,0.33407299005385616,0.0749731041407112
model_a,term_months,"[48.00, inf)",208333,0.25119882318187026,141872,66461,0.31901331042129666,-0.7274493771781222,0.16325515541821728
model_a,term_months,Special,0,0.0,0,0,0.0,0.0,0.0
model_a,term_months,Missing,0,0.0,0,0,0.0,0.0,0.0
model_a,term_months,,829355,1.0,676290,153065,0.18455908507213437,,0.23822825955892848
model_a,annual_inc,"(-inf, 37103.50)",117758,0.14198744807712016,92090,25668,0.21797245197778495,-0.2082380305129199,0.00656450999545396
model_a,annual_inc,"[37103.50, 45636.50)",97868,0.11800495565831279,77369,20499,0.20945559324804838,-0.1575492312531359,0.003075580136875842
model_a,annual_inc,"[45636.50, 50397.64)",62534,0.07540076324372555,49857,12677,0.20272171938465475,-0.1163897305010202,0.0010591106045073542
model_a,annual_inc,"[50397.64, 60865.00)",116491,0.14045975486974818,93357,23134,0.1985904490475659,-0.09063185344522595,0.0011868743139819401
model_a,annual_inc,"[60865.00, 70720.04)",94683,0.11416462190497435,76954,17729,0.18724586250963743,-0.017753186533921106,3.6183587565352935e-05
model_a,annual_inc,"[70720.04, 75460.70)",43900,0.05293270071320484,36051,7849,0.17879271070615035,0.03878915709466901,7.867002760559068e-05
model_a,annual_inc,"[75460.70, 85125.50)",70164,0.08460068366381103,58033,12131,0.17289493187389546,0.07948834411744121,0.0005211978440962107
model_a,annual_inc,"[85125.50, 100220.00)",80942,0.09759632485485709,68002,12940,0.1598675594870401,0.17345451707761406,0.0027774041175930185
model_a,annual_inc,"[100220.00, 127923.00)",71760,0.08652507068746194,61214,10546,0.14696209587513936,0.2728699700608499,0.005898245520760263
model_a,annual_inc,"[127923.00, inf)",73251,0.08832285330166213,63359,9892,0.1350425250167233,0.3713313045362412,0.010790888207073943
model_a,annual_inc,Special,0,0.0,0,0,0.0,0.0,0.0
model_a,annual_inc,Missing,4,4.823025121932104e-06,4,0,0.0,0.0,0.0
model_a,annual_inc,,829355,1.0,676290,153065,0.18455908507213437,,0.03198866435551348
model_a,emp_length_years,"(-inf, 0.50)",66420,0.08008633214968258,53935,12485,0.18797049081601927,-0.022507616262270602,4.085952894139859e-05
model_a,emp_length_years,"[0.50, 1.50)",53837,0.06491430087236467,43837,10000,0.18574586251091257,-0.007866193710630576,4.0266731205457e-06
model_a,emp_length_years,"[1.50, 9.50)",397499,0.47928691573572235,324726,72773,0.18307719013129592,0.009877432170421141,4.66153680454926e-05
model_a,emp_length_years,"[9.50, inf)",268988,0.3243339703745682,221266,47722,0.1774131188008387,0.048213779799756384,0.0007425003344325765
model_a,emp_length_years,Special,0,0.0,0,0,0.0,0.0,0.0
model_a,emp_length_years,Missing,42611,0.05137848086766222,32526,10085,0.23667597568702917,-0.31476871225784553,0.005600455960145938
model_a,emp_length_years,,829355,1.0,676290,153065,0.18455908507213437,,0.0064344578646859515
model_a,dti,"(-inf, 7.24)",80939,0.09759270758601564,70421,10518,0.12994971521763304,0.41564412861221944,0.014718998305159393
model_a,dti,"[7.24, 8.99)",42374,0.05109271662918774,36548,5826,0.13748997026478502,0.35053649624120475,0.005601448408072036
model_a,dti,"[8.99, 12.36)",104256,0.12570732677803836,88985,15271,0.14647598219766728,0.2767529008729779,0.008803536550144085
model_a,dti,"[12.36, 14.55)",78600,0.09477244364596583,66234,12366,0.15732824427480915,0.19248384476996616,0.0033007261032157445
model_a,dti,"[14.55, 17.13)",95749,0.11544995809996925,79486,16263,0.16985033786253642,0.10092900621958178,0.0011388264194792093
model_a,dti,"[17.13, 19.27)",77283,0.0931844626245697,63210,14073,0.18209696828539265,0.01644513811185,2.507042823861988e-05
model_a,dti,"[19.27, 21.04)",60740,0.073237636476539,49161,11579,0.19063220283174184,-0.03985179675586559,0.00011777849549348386
model_a,dti,"[21.04, 25.05)",117578,0.14177041194663323,93315,24263,0.2063566313425981,-0.1387309999396764,0.0028486480731288333
model_a,dti,"[25.05, 30.12)",101648,0.12256271439853862,78240,23408,0.23028490476940028,-0.2790561289091329,0.010391626017155167
model_a,dti,"[30.12, inf)",70186,0.08462721030198166,50689,19497,0.27779044253839796,-0.5303109934055389,0.027801916561337937
model_a,dti,Special,0,0.0,0,0,0.0,0.0,0.0
model_a,dti,Missing,2,2.411512560966052e-06,1,1,0.5,-1.4857593103579265,7.50979506130376e-06
model_a,dti,,829355,1.0,676290,153065,0.18455908507213437,,0.07475608515648581
model_a,fico_range_low,"(-inf, 662.50)",74939,0.09035816990311749,56360,18579,0.24792164293625482,-0.3760315339514806,0.014305283412208668
model_a,fico_range_low,"[662.50, 672.50)",146992,0.17723652718076097,112903,34089,0.23191058016762817,-0.28820501897154926,0.016071652755659267
model_a,fico_range_low,"[672.50, 682.50)",131371,0.1584014083233356,103011,28360,0.21587717228307618,-0.19590323337801197,0.006457552485376169
model_a,fico_range_low,"[682.50, 687.50)",57616,0.06947085385631002,46168,11448,0.19869480699805608,-0.09128743520341098,0.0005956672297966801
model_a,fico_range_low,"[687.50, 697.50)",106374,0.1282611185801014,86548,19826,0.18638013048301277,-0.012054344643449122,1.870817725285249e-05
model_a,fico_range_low,"[697.50, 707.50)",86236,0.10397959860373422,71907,14329,0.16616030428127465,0.12732885133657068,0.0016185871040503717
model_a,fico_range_low,"[707.50, 717.50)",66109,0.07971134194645237,56456,9653,0.14601642741532922,0.28043351547412465,0.005724845457095481
model_a,fico_range_low,"[717.50, 727.50)",47248,0.05696957274026201,41059,6189,0.13098967152048763,0.40647722357603855,0.008242674361685166
model_a,fico_range_low,"[727.50, 752.50)",63678,0.07678014842859812,56649,7029,0.11038349194384246,0.6010705765158557,0.02274613000590403
model_a,fico_range_low,"[752.50, inf)",48792,0.0588312604373278,45229,3563,0.07302426627315954,1.055376277044169,0.04601485097908877
model_a,fico_range_low,Special,0,0.0,0,0,0.0,0.0,0.0
model_a,fico_range_low,Missing,0,0.0,0,0,0.0,0.0,0.0
model_a,fico_range_low,,829355,1.0,676290,153065,0.18455908507213437,,0.12179595196811746
model_a,delinq_2yrs,"(-inf, 0.50)",671424,0.8095737048670352,549234,122190,0.18198634543894768,0.01718805952137603,0.00023787628784921924
model_a,delinq_2yrs,"[0.50, 1.50)",105174,0.12681421104352178,85163,20011,0.19026565500979328,-0.037474365506076746,0.0001801977772612478
model_a,delinq_2yrs,"[1.50, inf)",52728,0.06357711715730899,41867,10861,0.20598164163252922,-0.1364397745380923,0.001234767515730713
model_a,delinq_2yrs,Special,0,0.0,0,0,0.0,0.0,0.0
model_a,delinq_2yrs,Missing,29,3.4966932134007754e-05,26,3,0.10344827586206896,0.6737249389954456,1.2696703023496919e-05
model_a,delinq_2yrs,,829355,1.0,676290,153065,0.18455908507213437,,0.0016655382838646768
model_a,inq_last_6mths,"(-inf, 0.50)",460154,0.5548335754893863,384679,75475,0.1640211755195,0.14284843432679972,0.010815996272185942
model_a,inq_last_6mths,"[0.50, 1.50)",227219,0.2739707362950727,182392,44827,0.19728543827760883,-0.08241172978325428,0.0019092783683557042
model_a,inq_last_6mths,"[1.50, 2.50)",89821,0.10830223486926588,69921,19900,0.2215517529308291,-0.2291130087838702,0.006099228350920036
model_a,inq_last_6mths,"[2.50, inf)",52132,0.06285848641414112,39272,12860,0.2466815008056472,-0.36936923241164865,0.009583961155563538
model_a,inq_last_6mths,Special,0,0.0,0,0,0.0,0.0,0.0
model_a,inq_last_6mths,Missing,29,3.4966932134007754e-05,26,3,0.10344827586206896,0.6737249389954456,1.2696703023496919e-05
model_a,inq_last_6mths,,829355,1.0,676290,153065,0.18455908507213437,,0.028421160850048716
model_a,open_acc,"(-inf, 5.50)",72148,0.08699290412428935,60460,11688,0.16200033264955369,0.1576600045449872,0.002055855163431743
model_a,open_acc,"[5.50, 6.50)",52959,0.06385564685810058,44122,8837,0.1668649332502502,0.12225176137977734,0.0009178173349846233
model_a,open_acc,"[6.50, 7.50)",64083,0.07726847972219375,53119,10964,0.17109061685626453,0.09215819089130939,0.000637274567516091
model_a,open_acc,"[7.50, 8.50)",72182,0.08703389983782578,59563,12619,0.1748219777783935,0.06607165089403333,0.0003720537025572744
model_a,open_acc,"[8.50, 9.50)",75426,0.09094537321171271,61825,13601,0.1803224352345345,0.028405183598937178,7.272317877101378e-05
model_a,open_acc,"[9.50, 10.50)",73359,0.0884530749799543,59888,13471,0.18363118363118364,0.006177614087715666,3.369051362931248e-06
model_a,open_acc,"[10.50, 11.50)",67617,0.08152962241742076,54953,12664,0.18729017850540544,-0.01804435849082231,2.6697187319567086e-05
model_a,open_acc,"[11.50, 15.50)",194390,0.23438696336309542,157106,37284,0.1917999897114049,-0.04740285379032083,0.0005345678571862627
model_a,open_acc,"[15.50, 18.50)",76480,0.09221624033134182,61460,15020,0.19639121338912133,-0.07675539999157666,0.0005564822227902856
model_a,open_acc,"[18.50, inf)",80682,0.0972828282219315,63768,16914,0.2096378374358593,-0.15864949459233468,0.0025718929084318923
model_a,open_acc,Special,0,0.0,0,0,0.0,0.0,0.0
model_a,open_acc,Missing,29,3.4966932134007754e-05,26,3,0.10344827586206896,0.6737249389954456,1.2696703023496919e-05
model_a,open_acc,,829355,1.0,676290,153065,0.18455908507213437,,0.007761429877375182
model_a,pub_rec,"(-inf, 0.50)",701074,0.845324378583357,574986,126088,0.17984977334774932,0.03160630644368401,0.0008360392214677035
model_a,pub_rec,"[0.50, inf)",128252,0.15464065448450903,101278,26974,0.2103203068957989,-0.16276353848709246,0.004308432885744467
model_a,pub_rec,Special,0,0.0,0,0,0.0,0.0,0.0
model_a,pub_rec,Missing,29,3.4966932134007754e-05,26,3,0.10344827586206896,0.6737249389954456,1.2696703023496919e-05
model_a,pub_rec,,829355,1.0,676290,153065,0.18455908507213437,,0.005157168810235668
model_a,pub_rec_bankruptcies,"(-inf, 0.50)",734575,0.8857184197358188,601538,133037,0.18110744307933158,0.023103113434886247,0.00046931453405196674
model_a,pub_rec_bankruptcies,"[0.50, inf)",93415,0.11263572294132188,73721,19694,0.2108226730182519,-0.1657856336339809,0.0032587359624284885
model_a,pub_rec_bankruptcies,Special,0,0.0,0,0,0.0,0.0,0.0
model_a,pub_rec_bankruptcies,Missing,1365,0.0016458573228593303,1031,334,0.24468864468864468,-0.35861581931766695,0.00023582059103635723
model_a,pub_rec_bankruptcies,,829355,1.0,676290,153065,0.18455908507213437,,0.003963871087516812
model_a,revol_bal,"(-inf, 18618.50)",592880,0.7148687835727764,481269,111611,0.1882522601538254,-0.024352556413902215,0.000427211427056044
model_a,revol_bal,"[18618.50, 24303.50)",82508,0.09948453919009351,67029,15479,0.18760605032239297,-0.020118215384207883,4.0521416659061556e-05
model_a,revol_bal,"[24303.50, 29040.50)",45291,0.05460990769935673,37192,8099,0.17882139939502328,0.038593776763504284,8.035215871431649e-05
model_a,revol_bal,"[29040.50, 35972.50)",42448,0.051181942593943486,34994,7454,0.17560309084055786,0.060666506807434795,0.0001847785830215679
model_a,revol_bal,"[35972.50, inf)",66228,0.07985482694382984,55806,10422,0.15736546475810836,0.1922031236434354,0.0027733246816661317
model_a,revol_bal,Special,0,0.0,0,0,0.0,0.0,0.0
model_a,revol_bal,Missing,0,0.0,0,0,0.0,0.0,0.0
model_a,revol_bal,,829355,1.0,676290,153065,0.18455908507213437,,0.0035061882671171218
model_a,revol_util,"(-inf, 15.45)",49512,0.05969940495927558,42864,6648,0.13427047988366456,0.37795694489117926,0.007539698775009659
model_a,revol_util,"[15.45, 23.55)",43542,0.05250103996479192,37139,6403,0.14705341968673924,0.27214168951939155,0.003560671680656155
model_a,revol_util,"[23.55, 32.95)",72817,0.0877995550759325,61185,11632,0.1597429171759342,0.1743828302885413,0.0025246595912362547
model_a,revol_util,"[32.95, 38.55)",54779,0.06605012328857968,45582,9197,0.16789280563719675,0.11487624747065239,0.0008402617712662431
model_a,revol_util,"[38.55, 42.55)",41902,0.05052359966479975,34590,7312,0.1745024103861391,0.06828847843930186,0.00023055162952038678
model_a,revol_util,"[42.55, 51.65)",104383,0.1258604578256597,85398,18985,0.18187827519806865,0.01791417727485123,4.016282585633049e-05
model_a,revol_util,"[51.65, 63.15)",139893,0.16867686334561194,113159,26734,0.19110320030308878,-0.04290156455778038,0.0003146673320232837
model_a,revol_util,"[63.15, 74.65)",130079,0.15684357120895154,104167,25912,0.19920202338578863,-0.09447011172372832,0.001441655380094561
model_a,revol_util,"[74.65, 90.45)",138391,0.16686581741232645,109915,28476,0.20576482574733906,-0.13511359778747312,0.003176815242250804
model_a,revol_util,"[90.45, inf)",53573,0.06459598121431714,41909,11664,0.21772161349933736,-0.20676588462570056,0.002943093717393848
model_a,revol_util,Special,0,0.0,0,0,0.0,0.0,0.0
model_a,revol_util,Missing,484,0.0005835860397537846,382,102,0.21074380165289255,-0.16531151503562236,1.6785255292220167e-05
model_a,revol_util,,829355,1.0,676290,153065,0.18455908507213437,,0.022629023200599747
model_a,total_acc,"(-inf, 38.50)",720263,0.8684616358495457,587841,132422,0.18385228728950398,0.004703399969219646,1.9183586364918225e-05
model_a,total_acc,"[38.50, 43.50)",45986,0.05544790831429243,37509,8477,0.18433871178184666,0.0014649801967772103,1.1894548203701253e-07
model_a,total_acc,"[43.50, inf)",63077,0.07605548890402783,50914,12163,0.19282781362461754,-0.054019932140908944,0.0002257331826138233
model_a,total_acc,Special,0,0.0,0,0,0.0,0.0,0.0
model_a,total_acc,Missing,29,3.4966932134007754e-05,26,3,0.10344827586206896,0.6737249389954456,1.2696703023496919e-05
model_a,total_acc,,829355,1.0,676290,153065,0.18455908507213437,,0.00025773241748427544
model_a,mths_since_last_delinq,"(-inf, 9.50)",55669,0.06712324637820957,44495,11174,0.20072212541989257,-0.10397213808605787,0.0007495231612532696
model_a,mths_since_last_delinq,"[9.50, 15.50)",45252,0.05456288320441789,36324,8928,0.19729514717581542,-0.08247303616929957,0.00038081718224234294
model_a,mths_since_last_delinq,"[15.50, inf)",302945,0.3652778363909303,245859,57086,0.18843684497185959,-0.025560012193973858,0.00024056772801775038
model_a,mths_since_last_delinq,Special,0,0.0,0,0,0.0,0.0,0.0
model_a,mths_since_last_delinq,Missing,425489,0.5130360340264423,349612,75877,0.1783289344730416,0.04195104960156426,0.0008909663842972479
model_a,mths_since_last_delinq,,829355,1.0,676290,153065,0.18455908507213437,,0.002261874455810611
model_a,mths_since_last_record,"(-inf, 68.50)",61898,0.07463390224933834,49540,12358,0.19965103880577725,-0.09728251293550105,0.0007280957029679426
model_a,mths_since_last_record,"[68.50, inf)",67629,0.08154409149278656,52700,14929,0.22074849546792058,-0.22444948488206307,0.00440113501773432
model_a,mths_since_last_record,Special,0,0.0,0,0,0.0,0.0,0.0
model_a,mths_since_last_record,Missing,699828,0.8438220062578751,574050,125778,0.17972701863886556,0.032438741972093954,0.0008788602454666909
model_a,mths_since_last_record,,829355,1.0,676290,153065,0.18455908507213437,,0.006008090966168953
model_a,mths_since_recent_inq,"(-inf, 1.50)",143459,0.17297659024181442,110865,32594,0.22720080301688983,-0.26157428780676373,0.012820033191863775
model_a,mths_since_recent_inq,"[1.50, 2.50)",62999,0.07596143991415015,49742,13257,0.2104319116176447,-0.1634353785204905,0.0021342987581813547
model_a,mths_since_recent_inq,"[2.50, 3.50)",56971,0.06869314105539848,45222,11749,0.20622772989766724,-0.13794374685397437,0.0013643293361334503
model_a,mths_since_recent_inq,"[3.50, 4.50)",51322,0.06188182382694986,41125,10197,0.1986867230427497,-0.09123666065447922,0.0005299978607597401
model_a,mths_since_recent_inq,"[4.50, 6.50)",86458,0.10424727649800146,70132,16326,0.1888315713988295,-0.02813905877920897,8.327737721739157e-05
model_a,mths_since_recent_inq,"[6.50, 8.50)",73309,0.08839278716593015,59906,13403,0.18282884775402747,0.011538794195652402,1.172613806209114e-05
model_a,mths_since_recent_inq,"[8.50, 10.50)",56457,0.0680733823272302,46503,9954,0.17631117487645465,0.05578303584697797,0.00020811120900938537
model_a,mths_since_recent_inq,"[10.50, 12.50)",44893,0.05413001669972448,37202,7691,0.17131846835809592,0.0905523988419159,0.0004312393747787587
model_a,mths_since_recent_inq,"[12.50, 16.50)",62400,0.07523919190214082,52007,10393,0.16655448717948718,0.12448651194199378,0.001120525953830115
model_a,mths_since_recent_inq,"[16.50, inf)",61748,0.07445303880726589,52338,9410,0.15239359979270584,0.23019042072392182,0.003662957298462318
model_a,mths_since_recent_inq,Special,0,0.0,0,0,0.0,0.0,0.0
model_a,mths_since_recent_inq,Missing,129339,0.1559513115613941,111248,18091,0.13987273753469565,0.3305880559596115,0.015308164551690954
model_a,mths_since_recent_inq,,829355,1.0,676290,153065,0.18455908507213437,,0.03767466104998933
model_a,mort_acc,"(-inf, 0.50)",312423,0.3767059944173484,246055,66368,0.21242994273789062,-0.17541923478651889,0.01223776613756453
model_a,mort_acc,"[0.50, 1.50)",130240,0.1570376979701093,105571,24669,0.18941185503685504,-0.03192299267006504,0.00016164761319133316
model_a,mort_acc,"[1.50, 2.50)",108683,0.1310452098317367,89628,19055,0.1753264079938905,0.06257892647917984,0.0005030938150046182
model_a,mort_acc,"[2.50, 3.50)",83039,0.10012479577502999,69501,13538,0.16303182841797229,0.15008128451209912,0.00214945789816251
model_a,mort_acc,"[3.50, 5.50)",97810,0.11793502179404478,82669,15141,0.15480012268684185,0.21167907652082185,0.004936402700578141
model_a,mort_acc,"[5.50, inf)",47130,0.056827293499165016,40483,6647,0.14103543390621684,0.32095719748771545,0.005274745198948217
model_a,mort_acc,Special,0,0.0,0,0,0.0,0.0,0.0
model_a,mort_acc,Missing,50030,0.06032398671256579,42383,7647,0.15284829102538477,0.22667461402237654,0.002881191404551155
model_a,mort_acc,,829355,1.0,676290,153065,0.18455908507213437,,0.028144304768000505
model_a,acc_open_past_24mths,"(-inf, 1.50)",110577,0.13332891222697157,96567,14010,0.1266990422963184,0.44470639724113314,0.022795469224767623
model_a,acc_open_past_24mths,"[1.50, 2.50)",106777,0.12874703836113607,91264,15513,0.14528409676241139,0.28631871291165534,0.00962000101845201
model_a,acc_open_past_24mths,"[2.50, 3.50)",118624,0.14303163301601848,99050,19574,0.16500876719719448,0.13566330778300584,0.002520695552476067
model_a,acc_open_past_24mths,"[3.50, 4.50)",111580,0.13453828577629603,91219,20361,0.18247893887793512,0.013882591967586233,2.5815609348796352e-05
model_a,acc_open_past_24mths,"[4.50, 5.50)",94509,0.1139548203121703,75816,18693,0.19779068660127608,-0.08559908042022757,0.0008576029896555564
model_a,acc_open_past_24mths,"[5.50, 6.50)",73587,0.08872798741190444,57863,15724,0.2136790465707258,-0.18286937042228657,0.0031395287886235327
model_a,acc_open_past_24mths,"[6.50, 7.50)",53849,0.06492876994773046,41526,12323,0.22884361826589167,-0.27090700822613134,0.005175848545488153
model_a,acc_open_past_24mths,"[7.50, 9.50)",62320,0.07514273139970218,46748,15572,0.2498716302952503,-0.38646226603522527,0.012602675527037182
model_a,acc_open_past_24mths,"[9.50, inf)",47502,0.0572758348355047,33854,13648,0.28731421834870113,-0.5772951403403445,0.022575892556817512
model_a,acc_open_past_24mths,Special,0,0.0,0,0,0.0,0.0,0.0
model_a,acc_open_past_24mths,Missing,50030,0.06032398671256579,42383,7647,0.15284829102538477,0.22667461402237654,0.002881191404551155
model_a,acc_open_past_24mths,,829355,1.0,676290,153065,0.18455908507213437,,0.08219472121721759
model_a,bc_util,"(-inf, 20.85)",65865,0.0794171374140145,56161,9704,0.14733166325058833,0.26992508382715674,0.005302644438014412
model_a,bc_util,"[20.85, 32.65)",56432,0.06804323842021812,47893,8539,0.1513148568188262,0.23856614066725057,0.0035857673499443228
model_a,bc_util,"[32.65, 43.95)",71043,0.08566054343435561,59497,11546,0.16252128992300438,0.153827524115709,0.0019295457934839328
model_a,bc_util,"[43.95, 53.55)",71279,0.08594510191654961,59059,12220,0.17143899325186943,0.08970368013742713,0.000672109971774542
model_a,bc_util,"[53.55, 63.95)",86660,0.10449083926665903,70931,15729,0.18150242326332794,0.02044212090506181,4.338340485703923e-05
model_a,bc_util,"[63.95, 72.85)",81386,0.09813168064339155,66230,15156,0.18622367483350946,-0.011022271017392837,1.1963537469371652e-05
model_a,bc_util,"[72.85, 87.65)",151706,0.18292046228695794,122134,29572,0.19492966659196076,-0.06746847542052836,0.0008504296032874054
model_a,bc_util,"[87.65, 92.95)",64404,0.0776555274882288,51134,13270,0.20604310291286254,-0.13681552071234004,0.0015166847465962598
model_a,bc_util,"[92.95, 97.95)",76620,0.09238504621060944,59689,16931,0.22097363612633777,-0.22575782268879552,0.005046514451325833
model_a,bc_util,"[97.95, inf)",45969,0.05542741045752422,34843,11126,0.2420326741934782,-0.3441917658118716,0.0072856022426038124
model_a,bc_util,Special,0,0.0,0,0,0.0,0.0,0.0
model_a,bc_util,Missing,57991,0.06992301246149116,48719,9272,0.1598868789984653,0.17331068134405436,0.0019866690084195744
model_a,bc_util,,829355,1.0,676290,153065,0.18455908507213437,,0.028231314547776505
model_a,tot_cur_bal,"(-inf, 86768.50)",395788,0.47722386673981587,313693,82095,0.20742164997422863,-0.14522162298729113,0.010528111256336613
model_a,tot_cur_bal,"[86768.50, 115996.50)",44233,0.05333421755460569,35475,8758,0.19799697058757038,-0.08689865569102673,0.000413830023693042
model_a,tot_cur_bal,"[115996.50, 161860.50)",67296,0.08114257465138572,54744,12552,0.18651925820256776,-0.01297155213846124,1.3709046010255056e-05
model_a,tot_cur_bal,"[161860.50, 192149.50)",44194,0.05328719305966685,36485,7709,0.17443544372539257,0.06875342938253182,0.0002464484172281638
model_a,tot_cur_bal,"[192149.50, 225189.50)",41505,0.05004491442144799,34422,7083,0.17065413805565594,0.09523903771837694,0.00044036861667177756
model_a,tot_cur_bal,"[225189.50, 265639.50)",41768,0.05036202832321503,35271,6497,0.15554970312200728,0.20596125429739343,0.001999398169088032
model_a,tot_cur_bal,"[265639.50, 410896.50)",82630,0.09963164145631244,70467,12163,0.14719835410867724,0.27098664813158235,0.006702435081878632
model_a,tot_cur_bal,"[410896.50, inf)",41665,0.050237835426325275,36536,5129,0.12310092403696148,0.4776280571176399,0.00979878848967008
model_a,tot_cur_bal,Special,0,0.0,0,0,0.0,0.0,0.0
model_a,tot_cur_bal,Missing,70276,0.08473572836722514,59197,11079,0.15764983778245772,0.19006013003376676,0.0028795936797270287
model_a,tot_cur_bal,,829355,1.0,676290,153065,0.18455908507213437,,0.03302268278030363
model_a,total_rev_hi_lim,"(-inf, 6227.50)",42065,0.05072013793851849,33015,9050,0.2151432307143706,-0.19156206442322654,0.001974505558932129
model_a,total_rev_hi_lim,"[6227.50, 19255.00)",264278,0.31865485829349316,210642,53636,0.20295295105911199,-0.11781978475957544,0.0045886386641770735
model_a,total_rev_hi_lim,"[19255.00, 25964.50)",115018,0.13868367586859667,92148,22870,0.19883844267853729,-0.09218933825620956,0.0012130725763814713
model_a,total_rev_hi_lim,"[25964.50, 30926.50)",66892,0.08065544911407058,54061,12831,0.19181665969024697,-0.04751038962836773,0.00018479315849336594
model_a,total_rev_hi_lim,"[30926.50, 34972.00)",43430,0.05236599526137782,35340,8090,0.18627676721160488,-0.011372574536776536,6.797090100011117e-06
model_a,total_rev_hi_lim,"[34972.00, 39802.50)",43182,0.05206696770381803,35317,7865,0.18213607521652542,0.016182587547835636,1.356555306701289e-05
model_a,total_rev_hi_lim,"[39802.50, 46422.00)",45114,0.054396488837711233,37474,7640,0.16934876091678858,0.10449044563996512,0.0005744576164766977
model_a,total_rev_hi_lim,"[46422.00, 55182.50)",41743,0.050331884416202954,34840,6903,0.16536904391155402,0.13305074190503707,0.0008539028643752049
model_a,total_rev_hi_lim,"[55182.50, 70700.50)",42524,0.0512735800712602,36191,6333,0.14892766437776314,0.2572771012442019,0.0031232013801815945
model_a,total_rev_hi_lim,"[70700.50, inf)",54833,0.06611523412772577,48065,6768,0.12342932175879488,0.47458932885593086,0.012745130782801223
model_a,total_rev_hi_lim,Special,0,0.0,0,0,0.0,0.0,0.0
model_a,total_rev_hi_lim,Missing,70276,0.08473572836722514,59197,11079,0.15764983778245772,0.19006013003376676,0.0028795936797270287
model_a,total_rev_hi_lim,,829355,1.0,676290,153065,0.18455908507213437,,0.028157658924712812
model_a,num_tl_90g_dpd_24m,"(-inf, 0.50)",714796,0.861869766264145,581903,132893,0.18591738062328272,-0.008999836334272482,7.000718406353268e-05
model_a,num_tl_90g_dpd_24m,"[0.50, inf)",44283,0.05339450536862984,35190,9093,0.20533839170787888,-0.13250224576820857,0.0009768388680899726
model_a,num_tl_90g_dpd_24m,Special,0,0.0,0,0,0.0,0.0,0.0
model_a,num_tl_90g_dpd_24m,Missing,70276,0.08473572836722514,59197,11079,0.15764983778245772,0.19006013003376676,0.0028795936797270287
model_a,num_tl_90g_dpd_24m,,829355,1.0,676290,153065,0.18455908507213437,,0.003926439731880534
model_a,mo_sin_old_rev_tl_op,"(-inf, 62.50)",41559,0.05011002526059408,31324,10235,0.24627637816116846,-0.36718795258248815,0.0075455688799713
model_a,mo_sin_old_rev_tl_op,"[62.50, 93.50)",63413,0.07646062301427013,49946,13467,0.21236970337312538,-0.17505913701792974,0.0024734625146789714
model_a,mo_sin_old_rev_tl_op,"[93.50, 122.50)",101715,0.12264350006933099,80712,21003,0.20648871847810057,-0.13953733191501838,0.002493666640309642
model_a,mo_sin_old_rev_tl_op,"[122.50, 133.50)",43989,0.05304001302216783,35225,8764,0.19923162608834027,-0.09465567430640265,0.0004894718057085514
model_a,mo_sin_old_rev_tl_op,"[133.50, 144.50)",43522,0.05247692483918225,35084,8438,0.1938789577684849,-0.06075943797093819,0.00019745320090710329
model_a,mo_sin_old_rev_tl_op,"[144.50, 164.50)",78850,0.09507388271608659,64137,14713,0.18659480025364616,-0.013469346587355657,1.7321952642642738e-05
model_a,mo_sin_old_rev_tl_op,"[164.50, 181.50)",64317,0.07755062669182679,52705,11612,0.18054324673103533,0.02691197118684263,5.5690243351735956e-05
model_a,mo_sin_old_rev_tl_op,"[181.50, 233.50)",136716,0.16484617564251738,112583,24133,0.1765192077006349,0.054351218566612625,0.00047864073786322046
model_a,mo_sin_old_rev_tl_op,"[233.50, 261.50)",50748,0.0611897197219526,42290,8458,0.16666666666666666,0.12367860207617376,0.0008997340368165265
model_a,mo_sin_old_rev_tl_op,"[261.50, inf)",134249,0.16187157489856574,113087,21162,0.15763245908721854,0.19019100314704396,0.005508261782854008
model_a,mo_sin_old_rev_tl_op,Special,0,0.0,0,0,0.0,0.0,0.0
model_a,mo_sin_old_rev_tl_op,Missing,70277,0.08473693412350562,59197,11080,0.15766182392532407,0.18996987325316472,0.002876985096843428
model_a,mo_sin_old_rev_tl_op,,829355,1.0,676290,153065,0.18455908507213437,,0.023036256891947132
model_a,credit_history_months,"(-inf, 76.50)",42022,0.05066829041845772,33369,8653,0.2059159487887297,-0.13603806670452623,0.000978151785002839
model_a,credit_history_months,"[76.50, 133.50)",162775,0.19626697855562455,130072,32703,0.20090923053294424,-0.10513798387900386,0.002241819152875542
model_a,credit_history_months,"[133.50, 145.50)",56316,0.06790337069168209,45136,11180,0.19852262234533702,-0.09020562382523911,0.0005683193837526535
model_a,credit_history_months,"[145.50, 164.50)",93741,0.11302879948875934,75633,18108,0.19317054437225975,-0.05622044405151794,0.00036360698091356873
model_a,credit_history_months,"[164.50, 181.50)",79329,0.09565143997443797,64504,14825,0.18687995562782841,-0.015347017858994727,2.263802330544214e-05
model_a,credit_history_months,"[181.50, 212.50)",111337,0.13424528700013866,91168,20169,0.1811527165273,0.022797875802561762,6.927190607669696e-05
model_a,credit_history_months,"[212.50, 234.50)",63131,0.07612059974317391,51913,11218,0.17769400136224675,0.04629029905803739,0.0001607348680652743
model_a,credit_history_months,"[234.50, 254.50)",47311,0.05704553538593244,39207,8104,0.17129208852064,0.09073822497869988,0.0004563064724045538
model_a,credit_history_months,"[254.50, 346.50)",117730,0.14195368690126664,98501,19229,0.16333135139726493,0.14788783388439652,0.0029611119561931366
model_a,credit_history_months,"[346.50, inf)",55634,0.06708104490839267,46761,8873,0.1594888018118417,0.17627725396389637,0.0019698239308433654
model_a,credit_history_months,Special,0,0.0,0,0,0.0,0.0,0.0
model_a,credit_history_months,Missing,29,3.4966932134007754e-05,26,3,0.10344827586206896,0.6737249389954456,1.2696703023496919e-05
model_a,credit_history_months,,829355,1.0,676290,153065,0.18455908507213437,,0.009804481162456568
model_a,loan_to_income,"(-inf, 0.06)",42824,0.0516353069554051,38064,4760,0.1111526246964319,0.5932619749593468,0.014941686925414845
model_a,loan_to_income,"[0.06, 0.12)",140541,0.16945819341536494,122602,17939,0.12764246732270298,0.43620691250787513,0.02795543618830204
model_a,loan_to_income,"[0.12, 0.16)",120638,0.1454600261649113,103367,17271,0.14316384555446873,0.3034976574795898,0.012142873689169512
model_a,loan_to_income,"[0.16, 0.19)",82653,0.09965937385076354,69529,13124,0.15878431514887542,0.18154200626968886,0.003098576016829081
model_a,loan_to_income,"[0.19, 0.24)",122540,0.14775337461039,100651,21889,0.17862738697568142,0.039915549567271835,0.00023245057970040092
model_a,loan_to_income,"[0.24, 0.26)",50606,0.061018502330124014,40609,9997,0.19754574556376714,-0.08405464142468122,0.0004425810386229477
model_a,loan_to_income,"[0.26, 0.30)",62717,0.07562141664305394,49364,13353,0.2129087807133632,-0.17827897546881633,0.002539600548492729
model_a,loan_to_income,"[0.30, 0.33)",67295,0.08114136889510523,51120,16175,0.24035961066944053,-0.33505034067561157,0.01008005163251367
model_a,loan_to_income,"[0.33, 0.40)",72971,0.08798524154312688,53478,19493,0.2671335187951378,-0.4765443827452993,0.023005456865434946
model_a,loan_to_income,"[0.40, inf)",66564,0.08025996105407214,47501,19063,0.2863860344931194,-0.572757830439195,0.031103179456304687
model_a,loan_to_income,Special,0,0.0,0,0,0.0,0.0,0.0
model_a,loan_to_income,Missing,6,7.234537682898156e-06,5,1,0.16666666666666666,0.12367860207617376,1.0637668914832424e-07
model_a,loan_to_income,,829355,1.0,676290,153065,0.18455908507213437,,0.125541999317474
model_a,purpose,"wedding, car, credit_card",202175,0.24377377600665578,171147,31028,0.15347100284407073,0.221873503352231,0.011172707530099127
model_a,purpose,"major_purchase, home_improvement, vacation",69557,0.08386878960155783,58065,11492,0.16521701626004573,0.1341526212227513,0.0014460207835876868
model_a,purpose,"medical, other",49471,0.05964996895177578,39806,9665,0.1953669826767197,-0.07025276832119198,0.00030094487979243924
model_a,purpose,"debt_consolidation, educational, house, moving, renewable_energy, small_business",508152,0.6127074654400106,407272,100880,0.1985232764999449,-0.09020973511981056,0.005128548255476134
model_a,purpose,Special,0,0.0,0,0,0.0,0.0,0.0
model_a,purpose,Missing,0,0.0,0,0,0.0,0.0,0.0
model_a,purpose,,829355,1.0,676290,153065,0.18455908507213437,,0.018048221448955386
model_a,home_ownership,"ANY, NONE, MORTGAGE",410765,0.49528247855261015,343668,67097,0.16334643896144999,0.14777743112264674,0.010316395819445011
model_a,home_ownership,OWN,81609,0.09840056429393927,66095,15514,0.19010158193336518,-0.03640905139524331,0.00013194243104149052
model_a,home_ownership,"OTHER, RENT",336981,0.40631695715345056,266527,70454,0.20907410210071192,-0.15524377315257332,0.010275037351035333
model_a,home_ownership,Special,0,0.0,0,0,0.0,0.0,0.0
model_a,home_ownership,Missing,0,0.0,0,0,0.0,0.0,0.0
model_a,home_ownership,,829355,1.0,676290,153065,0.18455908507213437,,0.020723375601521835
model_a,verification_status,Not Verified,245928,0.2965292305466296,212618,33310,0.13544614683972545,0.3678801657998767,0.035599334082166346
model_a,verification_status,Source Verified,308819,0.3723604487824876,247547,61272,0.19840748140496536,-0.08948181599510563,0.0030659840530093837
model_a,verification_status,Verified,274608,0.3311103206708828,216125,58483,0.21296903222047428,-0.1786384800698193,0.011165809949202365
model_a,verification_status,Special,0,0.0,0,0,0.0,0.0,0.0
model_a,verification_status,Missing,0,0.0,0,0,0.0,0.0,0.0
model_a,verification_status,,829355,1.0,676290,153065,0.18455908507213437,,0.04983112808437809
model_a,addr_state,"ID, DC, NH, VT, OR, ME, CO, WA, WY, WV, KS, SC",77674,0.09365591333023855,66160,11514,0.14823493060741047,0.2627530541038914,0.005939509248920785
model_a,addr_state,"MT, CT, IL, WI",58396,0.07041134375508679,48784,9612,0.16460031509007467,0.1386307620137499,0.0012945179866932957
model_a,addr_state,"GA, MA, RI, UT",55763,0.06723658746857497,46229,9534,0.170973584634973,0.09298363965006362,0.0005643648000297933
model_a,addr_state,TX,66526,0.08021414231541378,54652,11874,0.17848660674022188,0.04087536426983118,0.00013229719216708316
model_a,addr_state,"CA, AK",125481,0.1512995038312906,103033,22448,0.1788956096938979,0.03808849154773131,0.00021686345213009343
model_a,addr_state,"MN, AZ, MI, DE, VA",82305,0.09923977066515545,67002,15303,0.18593038090030983,-0.009085728275115779,8.21577853804281e-06
model_a,addr_state,"HI, NC, MD, PA, NJ",106591,0.12852276769296622,85918,20673,0.19394695612199905,-0.061194458378888594,0.0004906043031847908
model_a,addr_state,"OH, KY, FL, MO",105810,0.12758107203790897,84905,20905,0.197571118041773,-0.08421469076819044,0.0009289478488433277
model_a,addr_state,"NY, NM, IN, SD",88357,0.10653700767463872,70693,17664,0.1999162488540806,-0.09894142235287817,0.001075627093171515
model_a,addr_state,"TN, ND, NV, LA, IA, OK, AR, AL, MS, NE",62452,0.07530189122872594,48914,13538,0.21677448280279255,-0.2011962023706233,0.0032431066689213137
model_a,addr_state,Special,0,0.0,0,0,0.0,0.0,0.0
model_a,addr_state,Missing,0,0.0,0,0,0.0,0.0,0.0
model_a,addr_state,,829355,1.0,676290,153065,0.18455908507213437,,0.01389405437260004
model_a,initial_list_status,f,442487,0.5335314792820927,362223,80264,0.18139289967840863,0.021179532280254154,0.0002377304583961803
model_a,initial_list_status,w,386868,0.4664685207179073,314067,72801,0.18818046465461089,-0.023882662786907316,0.0002680718486567362
model_a,initial_list_status,Special,0,0.0,0,0,0.0,0.0,0.0
model_a,initial_list_status,Missing,0,0.0,0,0,0.0,0.0,0.0
model_a,initial_list_status,,829355,1.0,676290,153065,0.18455908507213437,,0.0005058023070529165
model_a,application_type,"Individual, Joint App",829355,1.0,676290,153065,0.18455908507213437,0.0,0.0
model_a,application_type,Special,0,0.0,0,0,0.0,0.0,0.0
model_a,application_type,Missing,0,0.0,0,0,0.0,0.0,0.0
model_a,application_type,,829355,1.0,676290,153065,0.18455908507213437,,0.0
benchmark,int_rate,"(-inf, 6.65)",45374,0.05470998547063682,43805,1569,0.03457927447436858,1.843550182009505,0.10051397238199218
benchmark,int_rate,"[6.65, 7.88)",48155,0.05806319368666012,45520,2635,0.05471913612293635,1.3635092974668235,0.06830294549456939
benchmark,int_rate,"[7.88, 9.74)",110397,0.13311187609648462,100697,9700,0.08786470646847287,0.8542308119536972,0.07305758912350518
benchmark,int_rate,"[9.74, 12.22)",149630,0.1804173122486752,130482,19148,0.12796899017576688,0.4332777043267164,0.029393888704052223
benchmark,int_rate,"[12.22, 13.11)",85754,0.10339842407654141,71329,14425,0.16821372763952702,0.11258085409288654,0.001264284907770422
benchmark,int_rate,"[13.11, 15.39)",147718,0.17811190624039164,117290,30428,0.20598708349693334,-0.13647304695956763,0.0034609356015430897
benchmark,int_rate,"[15.39, 16.38)",53611,0.0646417999529755,40731,12880,0.2402492025890209,-0.3344455577478802,0.0079999832927626
benchmark,int_rate,"[16.38, 17.79)",63965,0.07712620048109675,45786,18179,0.2842022981317908,-0.5620480245583002,0.02870087642857478
benchmark,int_rate,"[17.79, 19.98)",65347,0.0787925556607243,44250,21097,0.32284573125009564,-0.7450347891826743,0.053940386819966754
benchmark,int_rate,"[19.98, inf)",59404,0.07162674608581368,36400,23004,0.3872466500572352,-1.0268586495667393,0.09905697606149966
benchmark,int_rate,Special,0,0.0,0,0,0.0,0.0,0.0
benchmark,int_rate,Missing,0,0.0,0,0,0.0,0.0,0.0
benchmark,int_rate,,829355,1.0,676290,153065,0.18455908507213437,,0.46569183881623627
benchmark,grade,A,146528,0.17667705626661684,138366,8162,0.055702664337191524,1.3446538009216191,0.20340834912662112
benchmark,grade,B,241865,0.29163024277902705,212716,29149,0.12051764414032622,0.5017780254476256,0.062269784896433346
benchmark,grade,C,225863,0.2723357307787377,179843,46020,0.2037518318626778,-0.12275114690429278,0.004263236154270053
benchmark,grade,D,126693,0.15276088044323602,91054,35639,0.28130204510115003,-0.5477471170913147,0.05378778961200307
benchmark,grade,"E, F, G",88406,0.1065960897323824,54311,34095,0.38566386896816957,-1.020183271637983,0.14531617115944337
benchmark,grade,Special,0,0.0,0,0,0.0,0.0,0.0
benchmark,grade,Missing,0,0.0,0,0,0.0,0.0,0.0
benchmark,grade,,829355,1.0,676290,153065,0.18455908507213437,,0.469045330948771
benchmark,sub_grade,"A1, A2",45396,0.05473651210880745,43841,1555,0.0342541193056657,1.853334596609465,0.10131560798561078
benchmark,sub_grade,"A3, A4",57703,0.06957575465271204,54437,3266,0.056600176767239135,1.3277187648193352,0.07854284312719507
benchmark,sub_grade,"A5, B1",86215,0.10395427772184408,78908,7307,0.08475323319607957,0.8936905137146154,0.06161090555827901
benchmark,sub_grade,"B2, B3",100217,0.12083727716116742,89027,11190,0.11165770278495664,0.5881598618292843,0.03442739402322116
benchmark,sub_grade,"B4, B5",98862,0.11920347740111291,84869,13993,0.14154073354777366,0.3167923762541429,0.010794175712074095
benchmark,sub_grade,"C1, C2, C3",144046,0.17368436917845795,117041,27005,0.1874748344278911,-0.019257043639921312,6.479964274615015e-05
benchmark,sub_grade,"C4, C5, D1",114704,0.138305068396525,87333,27371,0.23862289022178826,-0.32551497080493985,0.016172894181644148
benchmark,sub_grade,"D2, D3, D4, D5",93806,0.11310717364699073,66523,27283,0.2908449352919856,-0.5944753554352753,0.047486649621570544
benchmark,sub_grade,"E1, E2, E3",43529,0.05248536513314564,28039,15490,0.35585471754462544,-0.8923575665943548,0.053308381398058546
benchmark,sub_grade,"E4, F1, E5, F2, F3, G2, F4, G1, G4, F5, G3, G5",44877,0.054110724599236756,26272,18605,0.4145776232814136,-1.1406859388864947,0.09433749713312341
benchmark,sub_grade,Special,0,0.0,0,0,0.0,0.0,0.0
benchmark,sub_grade,Missing,0,0.0,0,0,0.0,0.0,0.0
benchmark,sub_grade,,829355,1.0,676290,153065,0.18455908507213437,,0.4980611483835229
